{"pages":["Arial.png"],"chars":[{"id":1091,"index":486,"char":"у","width":26,"height":37,"xoffset":-2,"yoffset":13,"xadvance":22,"chnl":15,"x":0,"y":0,"page":0},{"id":1081,"index":476,"char":"й","width":23,"height":37,"xoffset":2,"yoffset":3,"xadvance":27,"chnl":15,"x":0,"y":38,"page":0},{"id":1041,"index":436,"char":"Б","width":24,"height":36,"xoffset":2,"yoffset":4,"xadvance":26,"chnl":15,"x":0,"y":76,"page":0},{"id":1086,"index":481,"char":"о","width":27,"height":28,"xoffset":0,"yoffset":13,"xadvance":27,"chnl":15,"x":24,"y":38,"page":0},{"id":1082,"index":477,"char":"к","width":23,"height":27,"xoffset":2,"yoffset":13,"xadvance":23,"chnl":15,"x":27,"y":0,"page":0}],"info":{"face":"Arial","size":42,"bold":0,"italic":0,"charset":["Б","у","й","к","о"],"unicode":1,"stretchH":100,"smooth":1,"aa":1,"padding":[2,2,2,2],"spacing":[0,0]},"common":{"lineHeight":45,"base":36,"scaleW":1024,"scaleH":1024,"pages":1,"packed":0,"alphaChnl":0,"redChnl":0,"greenChnl":0,"blueChnl":0},"distanceField":{"fieldType":"msdf","distanceRange":4},"kernings":[]}